Diện tích sử dụng,Diện tích đất,Số ngày từ đăng,Tỷ lệ sử dụng,Quận/Huyện/TP,Giá_thật(VND),Giá_dự_đoán(VND),Sai_số(VND),Giá_thật(tỷ),Giá_dự_đoán(tỷ),Sai_số(tỷ)
67.9,75.5,72,0.899337748344371,TP Thủ Đức,6300000000.0,7099999121.884386,799999121.8843861,6.3,7.099999121884386,0.799999121884386
115.7,112.3,93,1.0302760463045415,,26000000000.0,7100000049.959438,-18899999950.04056,26.0,7.100000049959438,-18.899999950040563
115.7,61.0,38,1.8967213114754098,,3600000000.0,7099999070.612935,3499999070.612935,3.6,7.0999990706129354,3.499999070612935
91.8,47.4,35,1.9367088607594938,,4400000000.0,7099998535.643817,2699998535.643817,4.4,7.099998535643817,2.6999985356438168
115.7,120.0,16,0.9641666666666667,,5500000000.0,7099999832.91515,1599999832.9151497,5.5,7.09999983291515,1.5999998329151497
55.0,22.1,34,2.48868778280543,,3200000000.0,7099998155.4070835,3899998155.4070835,3.2,7.099998155407084,3.8999981554070837
337.9,71.5,4,4.7258741258741255,,7100000000.0,7100000071.669125,71.66912460327148,7.1,7.1000000716691245,7.166912460327148e-08
136.4,39.9,34,3.4185463659147874,,8500000000.0,7099999280.646101,-1400000719.353899,8.5,7.099999280646101,-1.400000719353899
115.7,80.0,73,1.44625,,6500000000.0,7099999672.501472,599999672.5014725,6.5,7.099999672501473,0.5999996725014725
37.2,18.6,35,2.0,,3200000000.0,7099998020.5913925,3899998020.5913925,3.2,7.099998020591393,3.8999980205913927
115.7,61.0,35,1.8967213114754098,,4600000000.0,7099999048.755469,2499999048.7554693,4.6,7.099999048755469,2.4999990487554693
123.98,63.7,92,1.9463108320251177,Quận 3,12700000000.0,7099999653.3683605,-5600000346.6316395,12.7,7.099999653368361,-5.6000003466316395
72.7,40.5,97,1.7950617283950618,,4000000000.0,7099998806.738969,3099998806.738969,4.0,7.099998806738969,3.0999988067389688
296.6,66.5,88,4.4601503759398495,Quận 5,7100000000.0,7100000112.759529,112.75952911376953,7.1,7.100000112759529,1.1275952911376953e-07
100.0,100.0,59,1.0,,5100000000.0,7099999738.127937,1999999738.1279373,5.1,7.099999738127937,1.9999997381279373
87.1,43.0,133,2.025581395348837,,4800000000.0,7099999243.736264,2299999243.736264,4.8,7.0999992437362645,2.299999243736264
80.3,55.5,9,1.4468468468468467,,4600000000.0,7099998500.275998,2499998500.275998,4.6,7.099998500275998,2.499998500275998
138.8,90.8,64,1.5286343612334803,,16000000000.0,7100000022.474652,-8899999977.525349,16.0,7.100000022474652,-8.899999977525349
197.9,54.8,128,3.611313868613139,,13000000000.0,7100000118.534763,-5899999881.465237,13.0,7.100000118534763,-5.899999881465237
115.7,78.0,62,1.4833333333333334,,4500000000.0,7099999563.168315,2599999563.168315,4.5,7.099999563168315,2.599999563168315
142.8,52.3,44,2.7304015296367115,,11400000000.0,7099999452.155614,-4300000547.844386,11.4,7.099999452155614,-4.300000547844386
87.7,43.9,86,1.997722095671982,Quận 10,7000000000.0,7099999151.853643,99999151.85364342,7.0,7.099999151853644,0.09999915185364341
115.7,89.6,2,1.291294642857143,TP Thủ Đức,10700000000.0,7099999388.645916,-3600000611.354084,10.7,7.099999388645916,-3.600000611354084
263.3,128.1,4,2.055425448868072,,15900000000.0,7100000194.693756,-8799999805.306244,15.9,7.100000194693756,-8.799999805306244
36.9,36.8,17,1.002717391304348,,5000000000.0,7099998133.142223,2099998133.1422234,5.0,7.099998133142224,2.0999981331422233
115.7,52.53,113,2.202550923281934,,11200000000.0,7099999507.200732,-4100000492.799268,11.2,7.0999995072007325,-4.100000492799268
307.3,78.6,58,3.9096692111959293,,16000000000.0,7100000522.791072,-8899999477.208927,16.0,7.100000522791072,-8.899999477208928
240.0,146.0,94,1.643835616438356,,22900000000.0,7100000241.457265,-15799999758.542736,22.9,7.1000002414572645,-15.799999758542736
60.0,60.0,48,1.0,,8100000000.0,7099998571.49571,-1000001428.5042896,8.1,7.099998571495711,-1.0000014285042895
20.7,11.1,18,1.864864864864865,,1800000000.0,7099998096.958417,5299998096.958417,1.8,7.099998096958417,5.299998096958417
115.7,61.0,95,1.8967213114754098,TP Thủ Đức,13000000000.0,7099999520.587817,-5900000479.412183,13.0,7.099999520587817,-5.900000479412183
230.4,65.0,63,3.5446153846153847,,10500000000.0,7100000547.252016,-3399999452.747984,10.5,7.100000547252016,-3.3999994527479838
122.2,163.5,108,0.7474006116207951,,18000000000.0,7099999901.210113,-10900000098.789886,18.0,7.099999901210112,-10.900000098789887
135.0,47.9,14,2.8183716075156577,,7000000000.0,7099999120.756728,99999120.75672817,7.0,7.099999120756729,0.09999912075672818
65.1,22.0,1,2.959090909090909,,3900000000.0,7099998424.557339,3199998424.5573387,3.9,7.099998424557339,3.1999984245573385
109.7,90.4,16,1.2134955752212389,,7500000000.0,7099999412.096098,-400000587.90390205,7.5,7.099999412096098,-0.400000587903902
115.7,22.9,63,5.052401746724891,,4200000000.0,7099999403.647465,2899999403.6474648,4.2,7.099999403647465,2.8999994036474646
115.7,76.0,61,1.5223684210526316,,22000000000.0,7099999520.804957,-14900000479.195042,22.0,7.099999520804958,-14.900000479195041
115.7,73.9,12,1.5656292286874154,,7100000000.0,7099999149.473087,-850.526912689209,7.1,7.099999149473088,-8.50526912689209e-07
125.8,121.0,44,1.0396694214876032,,6800000000.0,7100000046.098709,300000046.0987091,6.8,7.100000046098709,0.3000000460987091
100.7,90.5,2,1.112707182320442,,8800000000.0,7099999299.562912,-1700000700.437088,8.8,7.099999299562912,-1.700000700437088
112.04,60.1,130,1.864226289517471,,8000000000.0,7099999576.155135,-900000423.8448648,8.0,7.0999995761551355,-0.9000004238448649
264.4,80.0,88,3.3049999999999997,,15800000000.0,7100000662.345604,-8699999337.654396,15.8,7.100000662345604,-8.699999337654397
42.4,69.7,39,0.6083213773314203,,3900000000.0,7099998695.104037,3199998695.1040373,3.9,7.099998695104038,3.1999986951040373
108.9,47.0,95,2.317021276595745,,5800000000.0,7099999280.9748,1299999280.9748,5.8,7.0999992809748,1.2999992809748002
131.13,90.48,92,1.4492705570291775,,19900000000.0,7100000037.290284,-12799999962.709717,19.9,7.100000037290284,-12.799999962709716
115.7,66.55499999999999,59,1.7384118398317183,,11700000000.0,7099999339.006776,-4600000660.993224,11.7,7.099999339006776,-4.600000660993224
189.2,56.3,57,3.3605683836589697,,8500000000.0,7100000188.640521,-1399999811.359479,8.5,7.100000188640521,-1.399999811359479
102.0,150.0,100,0.68,,8900000000.0,7099999941.654115,-1800000058.3458853,8.9,7.099999941654115,-1.8000000583458853
115.7,75.8,44,1.5263852242744065,,8500000000.0,7099999381.538383,-1400000618.4616175,8.5,7.099999381538383,-1.4000006184616174
233.9,80.0,109,2.92375,,8700000000.0,7100000556.424161,-1599999443.575839,8.7,7.100000556424161,-1.5999994435758391
77.7,25.9,37,3.0000000000000004,,3800000000.0,7099998468.070921,3299998468.070921,3.8,7.099998468070921,3.299998468070921
208.9,43.7,13,4.780320366132723,,9500000000.0,7099999893.928062,-2400000106.0719376,9.5,7.099999893928063,-2.4000001060719374
72.0,72.0,43,1.0,,7400000000.0,7099998872.842754,-300001127.15724564,7.4,7.099998872842755,-0.30000112715724564
115.7,44.8,24,2.582589285714286,,12800000000.0,7099998837.545891,-5700001162.454109,12.8,7.099998837545891,-5.700001162454109
115.7,40.54,29,2.8539713862851506,,7900000000.0,7099998875.710379,-800001124.2896214,7.9,7.099998875710378,-0.8000011242896213
115.7,61.0,92,1.8967213114754098,,25000000000.0,7099999503.80894,-17900000496.19106,25.0,7.09999950380894,-17.90000049619106
271.7,60.0,119,4.528333333333333,,7100000000.0,7100000184.098681,184.09868144989014,7.1,7.100000184098682,1.8409868144989014e-07
69.4,23.1,92,3.0043290043290045,Quận 5,5400000000.0,7099999080.408345,1699999080.4083452,5.4,7.099999080408345,1.6999990804083451
52.4,27.9,109,1.8781362007168458,,3500000000.0,7099998713.205085,3599998713.205085,3.5,7.099998713205085,3.599998713205085
48.0,100.0,135,0.48,,6200000000.0,7099999558.55301,899999558.55301,6.2,7.09999955855301,0.89999955855301
78.9,38.0,34,2.0763157894736843,,5500000000.0,7099998304.301373,1599998304.3013725,5.5,7.099998304301373,1.5999983043013726
53.43,68.2,109,0.7834310850439883,,6500000000.0,7099999158.190363,599999158.1903629,6.5,7.0999991581903625,0.599999158190363
262.0,79.4,127,3.299748110831234,,8000000000.0,7100000366.449135,-899999633.5508652,8.0,7.100000366449135,-0.8999996335508652
133.7,32.0,2,4.178125,,10200000000.0,7099999265.05954,-3100000734.94046,10.2,7.09999926505954,-3.10000073494046
168.0,56.1,4,2.9946524064171123,,7400000000.0,7099999569.917544,-300000430.08245564,7.4,7.099999569917545,-0.30000043008245564
54.4,48.3,10,1.1262939958592133,,4300000000.0,7099998284.391216,2799998284.3912163,4.3,7.099998284391217,2.7999982843912163
122.5,55.1,62,2.2232304900181488,,8500000000.0,7099999297.016801,-1400000702.9831991,8.5,7.099999297016801,-1.4000007029831991
279.3,80.0,88,3.49125,,16000000000.0,7100000617.682102,-8899999382.317898,16.0,7.100000617682102,-8.899999382317898
89.0,44.5,29,2.0,,7200000000.0,7099998446.805797,-100001553.19420338,7.2,7.099998446805797,-0.10000155319420338
115.7,34.8,41,3.3247126436781613,,6700000000.0,7099999013.013164,399999013.01316357,6.7,7.099999013013163,0.39999901301316354
88.6,31.6,9,2.8037974683544302,,6000000000.0,7099998495.706288,1099998495.7062883,6.0,7.099998495706289,1.0999984957062883
115.7,34.0,73,3.402941176470588,,17000000000.0,7099999236.881929,-9900000763.11807,17.0,7.09999923688193,-9.90000076311807
306.9,159.0,14,1.930188679245283,TP Thủ Đức,19900000000.0,7099999971.643096,-12800000028.356903,19.9,7.099999971643096,-12.800000028356903
299.5,85.9,19,3.486612339930151,,15500000000.0,7100000420.88828,-8399999579.11172,15.5,7.10000042088828,-8.39999957911172
98.1,32.7,10,2.9999999999999996,,4800000000.0,7099998637.065982,2299998637.065982,4.8,7.0999986370659816,2.2999986370659817
113.6,110.5,17,1.0280542986425338,,12500000000.0,7099999737.963247,-5400000262.036753,12.5,7.099999737963247,-5.400000262036753
115.7,77.5,134,1.4929032258064516,,8800000000.0,7099999753.187444,-1700000246.8125563,8.8,7.0999997531874435,-1.7000002468125563
69.4,34.7,107,2.0,,3100000000.0,7099998844.803201,3999998844.8032007,3.1,7.099998844803201,3.999998844803201
72.6,31.2,123,2.3269230769230766,,11000000000.0,7099999022.502817,-3900000977.497183,11.0,7.099999022502817,-3.9000009774971827
60.14,61.0,100,0.9859016393442623,,23000000000.0,7099999018.455962,-15900000981.544037,23.0,7.0999990184559625,-15.900000981544038
278.2,85.5,87,3.253801169590643,,22500000000.0,7100000653.2135315,-15399999346.786469,22.5,7.100000653213532,-15.399999346786469
115.7,146.2,48,0.7913816689466485,,7100000000.0,7100000028.194796,28.194795608520508,7.1,7.1000000281947955,2.819479560852051e-08
115.7,110.0,58,1.0518181818181818,TP Thủ Đức,7100000000.0,7099999970.689091,-29.310909271240234,7.1,7.09999997068909,-2.9310909271240233e-08
115.7,64.07,62,1.805837365381614,,8100000000.0,7099999323.213495,-1000000676.7865047,8.1,7.0999993232134955,-1.0000006767865048
89.6,140.0,119,0.64,,18000000000.0,7099999865.460916,-10900000134.539085,18.0,7.099999865460916,-10.900000134539086
115.7,61.0,92,1.8967213114754098,,7100000000.0,7099999503.80894,-496.19106006622314,7.1,7.09999950380894,-4.961910600662231e-07
115.7,42.7,64,2.7096018735362994,,7500000000.0,7099999118.379655,-400000881.6203451,7.5,7.099999118379655,-0.40000088162034514
48.3,20.1,96,2.4029850746268653,,3600000000.0,7099998594.9840765,3499998594.9840765,3.6,7.0999985949840765,3.4999985949840764
115.7,109.4,2,1.0575868372943327,,7500000000.0,7099999662.35272,-400000337.64727974,7.5,7.099999662352721,-0.4000003376472797
115.7,155.7,85,0.7430956968529223,,19000000000.0,7099999993.08143,-11900000006.91857,19.0,7.099999993081431,-11.90000000691857
115.7,61.0,92,1.8967213114754098,,11000000000.0,7099999503.80894,-3900000496.19106,11.0,7.09999950380894,-3.90000049619106
60.0,69.4,38,0.8645533141210374,,11000000000.0,7099998725.636014,-3900001274.363986,11.0,7.099998725636014,-3.900001274363986
115.7,70.0,62,1.6528571428571428,,8400000000.0,7099999423.891673,-1300000576.108327,8.4,7.099999423891673,-1.3000005761083269
74.7,44.3,4,1.686230248306998,,5200000000.0,7099998328.377666,1899998328.3776665,5.2,7.099998328377667,1.8999983283776665
76.0,51.0,63,1.4901960784313726,TP Thủ Đức,10100000000.0,7099998623.701559,-3000001376.298441,10.1,7.099998623701559,-3.000001376298441
149.2,133.3,64,1.1192798199549885,TP Thủ Đức,7100000000.0,7100000233.378665,233.37866497039795,7.1,7.100000233378665,2.3337866497039794e-07
252.97,104.0,88,2.432403846153846,,20500000000.0,7100000661.089601,-13399999338.9104,20.5,7.1000006610896005,-13.3999993389104
219.6,90.0,63,2.44,,13500000000.0,7100000669.798967,-6399999330.201033,13.5,7.100000669798967,-6.399999330201033
115.7,100.8,35,1.1478174603174605,,1500000000.0,7099999738.751666,5599999738.751666,1.5,7.0999997387516665,5.5999997387516665
127.4,55.4,119,2.2996389891696754,,10300000000.0,7099999672.053965,-3200000327.9460354,10.3,7.099999672053965,-3.2000003279460354
199.47,60.9,87,3.275369458128079,,17000000000.0,7100000390.643169,-9899999609.35683,17.0,7.100000390643169,-9.899999609356831
115.7,61.0,74,1.8967213114754098,,7100000000.0,7099999376.724083,-623.2759170532227,7.1,7.0999993767240825,-6.232759170532227e-07
115.7,48.8,14,2.3709016393442623,,1000000000.0,7099998815.740938,6099998815.740938,1.0,7.099998815740938,6.099998815740938
75.0,75.7,48,0.9907529722589168,TP Thủ Đức,7400000000.0,7099999007.561587,-300000992.43841267,7.4,7.099999007561587,-0.30000099243841266
115.7,117.0,66,0.9888888888888889,,27500000000.0,7100000044.709878,-20399999955.290123,27.5,7.100000044709878,-20.399999955290124
184.7,76.9,44,2.4018205461638487,,17500000000.0,7100000245.762521,-10399999754.23748,17.5,7.100000245762521,-10.39999975423748
381.0,61.0,95,6.245901639344262,TP Thủ Đức,7100000000.0,7099999809.899866,-190.10013389587402,7.1,7.099999809899866,-1.9010013389587403e-07
250.5,61.0,58,4.10655737704918,,23000000000.0,7100000470.6566305,-15899999529.343369,23.0,7.100000470656631,-15.899999529343368
140.56,86.0,126,1.6344186046511628,,7300000000.0,7100000017.855431,-199999982.1445694,7.3,7.100000017855431,-0.1999999821445694
115.7,61.0,91,1.8967213114754098,TP Thủ Đức,26000000000.0,7099999497.909614,-18900000502.090385,26.0,7.0999994979096135,-18.900000502090386
52.2,70.6,88,0.7393767705382437,TP Thủ Đức,3300000000.0,7099999051.064799,3799999051.0647993,3.3,7.099999051064799,3.799999051064799
115.7,64.0,120,1.8078125,,4800000000.0,7099999636.3779545,2299999636.3779545,4.8,7.099999636377954,2.2999996363779545
163.0,71.0,88,2.295774647887324,,7500000000.0,7100000183.428918,-399999816.5710821,7.5,7.100000183428918,-0.39999981657108213
115.7,61.0,73,1.8967213114754098,,5000000000.0,7099999368.561186,2099999368.5611858,5.0,7.0999993685611855,2.099999368561186
83.9,44.7,10,1.8769574944071588,,5800000000.0,7099998382.682955,1299998382.6829548,5.8,7.099998382682955,1.2999983826829549
115.7,69.98,14,1.6533295227207774,,4700000000.0,7099999087.01696,2399999087.01696,4.7,7.09999908701696,2.39999908701696
248.4,119.0,73,2.0873949579831934,TP Thủ Đức,7100000000.0,7100000583.281219,583.2812185287476,7.1,7.1000005832812185,5.832812185287475e-07
95.3,54.8,112,1.739051094890511,,11500000000.0,7099999303.519218,-4400000696.480782,11.5,7.099999303519218,-4.400000696480782
54.0,27.0,97,2.0,,3300000000.0,7099998593.927779,3799998593.927779,3.3,7.099998593927779,3.7999985939277794
73.5,36.8,57,1.9972826086956523,,4000000000.0,7099998382.443058,3099998382.443058,4.0,7.099998382443058,3.099998382443058
115.7,61.0,15,1.8967213114754098,,5000000000.0,7099998943.778433,2099998943.7784328,5.0,7.0999989437784325,2.099998943778433
164.0,164.0,38,1.0,,11500000000.0,7100000036.3509,-4399999963.6491,11.5,7.1000000363509,-4.3999999636491
378.4,61.0,37,6.203278688524589,,18000000000.0,7099999829.582927,-10900000170.417072,18.0,7.099999829582927,-10.900000170417073
115.7,111.0,62,1.0423423423423424,,18200000000.0,7099999994.906541,-11100000005.09346,18.2,7.099999994906541,-11.10000000509346
115.7,61.0,36,1.8967213114754098,,3500000000.0,7099999055.898177,3599999055.898177,3.5,7.099999055898177,3.599999055898177
129.2,50.6,63,2.5533596837944663,,9500000000.0,7099999371.343772,-2400000628.656228,9.5,7.099999371343772,-2.400000628656228
72.4,33.6,16,2.1547619047619047,,5200000000.0,7099998217.531238,1899998217.5312376,5.2,7.099998217531238,1.8999982175312375
63.8,63.8,39,1.0,,7000000000.0,7099998621.2668085,99998621.26680851,7.0,7.099998621266809,0.09999862126680852
28.8,14.4,39,2.0,,2200000000.0,7099998040.986788,4899998040.986788,2.2,7.0999980409867876,4.899998040986787
48.52,82.23,9,0.5900522923507235,,8500000000.0,7099998930.676222,-1400001069.3237782,8.5,7.099998930676222,-1.400001069323778
136.6,49.6,15,2.754032258064516,,4800000000.0,7099999151.400084,2299999151.4000835,4.8,7.099999151400084,2.2999991514000837
115.05,45.6,11,2.5230263157894735,,8800000000.0,7099998793.606908,-1700001206.3930922,8.8,7.0999987936069076,-1.700001206393092
72.4,44.5,18,1.6269662921348316,,4600000000.0,7099998268.84432,2499998268.8443203,4.6,7.09999826884432,2.4999982688443203
139.3,63.2,108,2.204113924050633,,7500000000.0,7099999864.117224,-400000135.88277626,7.5,7.0999998641172235,-0.4000001358827763
70.7,36.8,92,1.9211956521739133,,5000000000.0,7099998710.230902,2099998710.2309017,5.0,7.099998710230902,2.099998710230902
30.8,15.4,113,2.0,,2700000000.0,7099998680.444979,4399998680.444979,2.7,7.099998680444979,4.399998680444979
219.0,160.0,59,1.36875,,6300000000.0,7100000149.776303,800000149.7763033,6.3,7.100000149776303,0.8000001497763033
53.4,29.5,92,1.8101694915254236,,8500000000.0,7099998530.054081,-1400001469.945919,8.5,7.099998530054081,-1.4000014699459191
376.4,100.5,18,3.7452736318407958,,24500000000.0,7100000106.807006,-17399999893.192993,24.5,7.1000001068070056,-17.399999893192994
78.0,41.9,108,1.8615751789976134,,3800000000.0,7099998974.940097,3299998974.940097,3.8,7.099998974940097,3.2999989749400966
115.7,48.3,59,2.3954451345755694,,11000000000.0,7099999095.947018,-3900000904.0529823,11.0,7.099999095947018,-3.900000904052982
299.0,105.0,39,2.8476190476190477,,23500000000.0,7100000525.566822,-16399999474.433178,23.5,7.100000525566822,-16.399999474433177
115.7,61.0,42,1.8967213114754098,,3000000000.0,7099999101.595301,4099999101.5953007,3.0,7.099999101595301,4.099999101595301
115.7,61.0,44,1.8967213114754098,TP Thủ Đức,7100000000.0,7099999117.764889,-882.2351112365723,7.1,7.099999117764889,-8.822351112365723e-07
129.7,56.0,35,2.3160714285714286,,6500000000.0,7099999195.914359,599999195.9143591,6.5,7.099999195914359,0.5999991959143591
125.0,125.0,38,1.0,,7600000000.0,7100000028.275281,-499999971.72471905,7.6,7.100000028275281,-0.49999997172471905
86.7,47.9,35,1.8100208768267225,,5500000000.0,7099998478.628015,1599998478.6280146,5.5,7.099998478628015,1.5999984786280146
216.5,87.2,64,2.4827981651376145,,7100000000.0,7100000655.359196,655.3591957092285,7.1,7.100000655359196,6.553591957092285e-07
352.5,110.9,4,3.1785392245266,,15000000000.0,7100000107.965702,-7899999892.034298,15.0,7.100000107965702,-7.899999892034298
115.7,61.0,18,1.8967213114754098,,7100000000.0,7099998954.318655,-1045.681344985962,7.1,7.099998954318655,-1.045681344985962e-06
79.0,25.0,48,3.16,,6900000000.0,7099998583.835019,199998583.8350191,6.9,7.099998583835019,0.19999858383501912
115.7,132.99,99,0.8699902248289345,,22000000000.0,7100000048.678504,-14899999951.321495,22.0,7.100000048678504,-14.899999951321496
115.7,65.5,62,1.766412213740458,,4800000000.0,7099999346.926324,2299999346.926324,4.8,7.099999346926324,2.299999346926324
70.0,38.0,96,1.8421052631578947,,6000000000.0,7099998752.279929,1099998752.2799292,6.0,7.099998752279929,1.0999987522799293
195.48,56.9,18,3.435500878734622,,6600000000.0,7099999977.55423,499999977.55422974,6.6,7.09999997755423,0.49999997755422976
240.0,123.0,74,1.951219512195122,,7100000000.0,7100000544.721021,544.7210206985474,7.1,7.100000544721021,5.447210206985474e-07
244.1,75.6,92,3.228835978835979,Quận 1,19500000000.0,7100000321.704133,-12399999678.295868,19.5,7.100000321704133,-12.399999678295869
152.4,40.5,72,3.762962962962963,,6500000000.0,7099999728.694816,599999728.6948156,6.5,7.099999728694816,0.5999997286948157
168.0,48.2,10,3.485477178423236,,9000000000.0,7099999588.849931,-1900000411.1500692,9.0,7.099999588849931,-1.9000004111500692
113.1,43.7,4,2.5881006864988554,,6400000000.0,7099998765.959469,699998765.9594688,6.4,7.0999987659594685,0.6999987659594689
115.7,61.0,74,1.8967213114754098,,22000000000.0,7099999376.724083,-14900000623.275917,22.0,7.0999993767240825,-14.900000623275917
229.9,68.1,37,3.375917767988253,,12300000000.0,7100000453.84236,-5199999546.15764,12.3,7.10000045384236,-5.19999954615764
115.7,61.0,93,1.8967213114754098,,7100000000.0,7099999509.556047,-490.4439525604248,7.1,7.0999995095560475,-4.904439525604248e-07
186.6,106.6,29,1.75046904315197,,7000000000.0,7100000288.145129,100000288.1451292,7.0,7.10000028814513,0.10000028814512921
114.4,68.35,66,1.67373811265545,,8600000000.0,7099999411.319524,-1500000588.6804762,8.6,7.099999411319524,-1.5000005886804761
124.1,36.0,5,3.447222222222222,,10700000000.0,7099999029.305323,-3600000970.6946774,10.7,7.099999029305323,-3.600000970694677
203.3,55.0,31,3.6963636363636367,,7600000000.0,7100000122.456245,-499999877.5437546,7.6,7.100000122456246,-0.4999998775437546
73.5,29.1,11,2.5257731958762886,,10200000000.0,7099998296.773689,-3100001703.2263107,10.2,7.099998296773689,-3.1000017032263107
185.8,60.6,72,3.066006600660066,,11000000000.0,7100000272.233144,-3899999727.766856,11.0,7.100000272233144,-3.8999997277668563
210.7,46.7,91,4.511777301927195,,12500000000.0,7100000148.464079,-5399999851.535921,12.5,7.100000148464079,-5.399999851535921
275.2,104.1,38,2.643611911623439,,4000000000.0,7100000579.686452,3100000579.686452,4.0,7.100000579686452,3.100000579686452
114.5,50.1,73,2.2854291417165666,,4600000000.0,7099999215.124933,2499999215.1249332,4.6,7.099999215124933,2.4999992151249333
166.8,120.5,113,1.3842323651452284,,15500000000.0,7100000249.156469,-8399999750.843531,15.5,7.100000249156469,-8.39999975084353
69.9,94.7,4,0.7381203801478353,,1000000000.0,7099999223.044834,6099999223.044834,1.0,7.0999992230448346,6.0999992230448346
45.5,23.6,34,1.9279661016949152,,3900000000.0,7099998019.6576805,3199998019.6576805,3.9,7.09999801965768,3.1999980196576807
245.6,62.5,43,3.9295999999999998,,23000000000.0,7100000448.935203,-15899999551.064796,23.0,7.100000448935202,-15.899999551064797
47.2,23.6,14,2.0,,3000000000.0,7099998069.079189,4099998069.0791893,3.0,7.09999806907919,4.09999806907919
240.0,100.0,22,2.4,,7800000000.0,7100000461.010007,-699999538.9899931,7.8,7.100000461010007,-0.6999995389899931
74.6,35.5,72,2.101408450704225,,9500000000.0,7099998538.529792,-2400001461.470208,9.5,7.099998538529792,-2.4000014614702083
263.2,71.8,88,3.6657381615598887,Quận 3,25000000000.0,7100000271.67746,-17899999728.32254,25.0,7.10000027167746,-17.89999972832254
124.6,62.2,59,2.003215434083601,,6400000000.0,7099999396.774309,699999396.7743092,6.4,7.099999396774309,0.6999993967743091
75.24,85.0,107,0.8851764705882352,,6500000000.0,7099999518.266762,599999518.2667618,6.5,7.0999995182667615,0.5999995182667618
162.6,63.8,72,2.54858934169279,,11500000000.0,7100000051.802502,-4399999948.197498,11.5,7.1000000518025015,-4.3999999481974985
115.7,61.0,105,1.8967213114754098,Quận 4,13000000000.0,7099999590.668603,-5900000409.331397,13.0,7.099999590668603,-5.900000409331397
115.7,73.7,59,1.5698778833107192,,9600000000.0,7099999464.402485,-2500000535.597515,9.6,7.099999464402485,-2.5000005355975152
115.7,19.5,38,5.933333333333334,,5100000000.0,7099999428.10542,1999999428.10542,5.1,7.09999942810542,1.99999942810542
115.7,12.0,13,9.641666666666667,,2600000000.0,7099999516.2914095,4499999516.2914095,2.6,7.099999516291409,4.4999995162914095
108.7,74.96,108,1.4501067235859126,,7300000000.0,7099999672.316956,-200000327.68304443,7.3,7.099999672316955,-0.20000032768304443
131.4,61.0,38,2.154098360655738,,4900000000.0,7099999303.928538,2199999303.9285383,4.9,7.099999303928539,2.1999993039285384
115.7,61.0,86,1.8967213114754098,,7100000000.0,7099999466.195744,-533.804256439209,7.1,7.099999466195744,-5.33804256439209e-07
226.6,64.7,36,3.5023183925811434,,8100000000.0,7100000398.454312,-999999601.5456877,8.1,7.100000398454313,-0.9999996015456877
78.1,25.1,10,3.1115537848605572,,3500000000.0,7099998499.152986,3599998499.1529856,3.5,7.099998499152986,3.5999984991529854
72.4,61.0,107,1.1868852459016395,,7500000000.0,7099999151.002826,-400000848.99717426,7.5,7.099999151002826,-0.40000084899717425
115.7,100.0,95,1.157,TP Thủ Đức,6500000000.0,7099999980.503289,599999980.5032892,6.5,7.09999998050329,0.5999999805032892
67.0,68.2,77,0.9824046920821113,,8900000000.0,7099999007.082649,-1800000992.9173508,8.9,7.0999990070826495,-1.8000009929173508
115.7,57.6,38,2.0086805555555554,,4800000000.0,7099999019.92808,2299999019.9280796,4.8,7.09999901992808,2.2999990199280798
115.7,132.8,73,0.8712349397590361,,27500000000.0,7100000084.113443,-20399999915.88656,27.5,7.100000084113443,-20.399999915886557
115.7,23.3,114,4.965665236051502,,3000000000.0,7099999508.341639,4099999508.3416386,3.0,7.0999995083416385,4.0999995083416385
88.0,88.0,134,1.0,,15500000000.0,7099999653.689437,-8400000346.310563,15.5,7.099999653689437,-8.400000346310563
310.3,87.4,72,3.5503432494279177,,12500000000.0,7100000562.719494,-5399999437.280506,12.5,7.100000562719494,-5.399999437280506
99.0,55.95,122,1.7694369973190347,,27000000000.0,7099999399.204275,-19900000600.795723,27.0,7.099999399204275,-19.900000600795725
70.0,70.0,106,1.0,Quận 12,3500000000.0,7099999373.108109,3599999373.1081095,3.5,7.099999373108109,3.5999993731081097
50.0,50.0,126,1.0,,3600000000.0,7099999032.594259,3499999032.5942593,3.6,7.099999032594259,3.499999032594259
110.0,110.0,77,1.0,,7100000000.0,7099999988.234694,-11.76530647277832,7.1,7.099999988234694,-1.176530647277832e-08
47.0,21.5,73,2.186046511627907,,5300000000.0,7099998307.635095,1799998307.6350946,5.3,7.0999983076350945,1.7999983076350947
115.7,31.3,14,3.696485623003195,,4000000000.0,7099999003.518802,3099999003.5188017,4.0,7.099999003518802,3.0999990035188016
115.7,61.0,88,1.8967213114754098,TP Thủ Đức,23500000000.0,7099999479.316211,-16400000520.683788,23.5,7.099999479316211,-16.40000052068379
133.4,78.9,2,1.6907477820025347,,6900000000.0,7099999374.388386,199999374.38838577,6.9,7.099999374388386,0.19999937438838578
58.4,47.5,17,1.2294736842105263,TP Thủ Đức,4200000000.0,7099998251.844363,2899998251.844363,4.2,7.099998251844363,2.899998251844363
151.92,45.4,10,3.346255506607929,,9500000000.0,7099999375.561256,-2400000624.4387436,9.5,7.099999375561256,-2.4000006244387437
68.8,95.8,133,0.7181628392484343,,3800000000.0,7099999613.483538,3299999613.4835377,3.8,7.099999613483537,3.299999613483538
74.2,48.0,123,1.5458333333333334,,8500000000.0,7099999116.895555,-1400000883.1044455,8.5,7.099999116895555,-1.4000008831044455
261.0,60.4,74,4.321192052980132,,23000000000.0,7100000436.076657,-15899999563.923344,23.0,7.100000436076657,-15.899999563923343
294.4,95.0,74,3.0989473684210522,,12600000000.0,7100000640.35609,-5499999359.64391,12.6,7.10000064035609,-5.49999935964391
115.7,44.62,16,2.59300761990139,,5100000000.0,7099998812.608259,1999998812.6082592,5.1,7.099998812608259,1.9999988126082593
108.0,71.4,48,1.5126050420168067,,19000000000.0,7099999236.275563,-11900000763.724438,19.0,7.099999236275563,-11.900000763724437
161.8,74.56,8,2.1700643776824036,,17500000000.0,7099999659.658262,-10400000340.341738,17.5,7.099999659658263,-10.400000340341737
159.2,82.7,106,1.92503022974607,Quận 1,23500000000.0,7100000045.440111,-16399999954.559889,23.5,7.100000045440111,-16.39999995455989
96.0,95.3,107,1.007345225603358,,5100000000.0,7099999786.454795,1999999786.454795,5.1,7.099999786454795,1.999999786454795
115.7,55.2,10,2.096014492753623,,7000000000.0,7099998858.25445,99998858.25444984,7.0,7.09999885825445,0.09999885825444985
111.6,53.6,21,2.0820895522388057,,7500000000.0,7099998813.191255,-400001186.8087454,7.5,7.099998813191255,-0.40000118680874536
50.4,25.2,10,2.0,,3900000000.0,7099998098.421461,3199998098.421461,3.9,7.0999980984214615,3.199998098421461
67.6,54.8,94,1.2335766423357664,,10500000000.0,7099998915.829909,-3400001084.1700907,10.5,7.099998915829909,-3.4000010841700905
115.7,143.0,74,0.8090909090909091,,7100000000.0,7100000062.61685,62.61684989929199,7.1,7.10000006261685,6.261684989929199e-08
102.1,41.6,0,2.454326923076923,,7000000000.0,7099998621.282094,99998621.282094,7.0,7.099998621282094,0.099998621282094
115.7,61.0,15,1.8967213114754098,,19000000000.0,7099998943.778433,-11900001056.221567,19.0,7.0999989437784325,-11.900001056221567
226.2,112.6,2,2.008880994671403,,10500000000.0,7100000214.8925705,-3399999785.1074295,10.5,7.100000214892571,-3.3999997851074295
127.5,54.8,13,2.3266423357664237,,6500000000.0,7099999027.944388,599999027.9443884,6.5,7.0999990279443885,0.5999990279443884
9.5,4.8,9,1.9791666666666667,,3600000000.0,7099998248.245461,3499998248.2454615,3.6,7.099998248245462,3.4999982482454617
214.4,80.1,38,2.67665418227216,TP Thủ Đức,11200000000.0,7100000464.907521,-4099999535.0924788,11.2,7.100000464907521,-4.099999535092479
115.7,55.4,44,2.088447653429603,,9000000000.0,7099999037.308941,-1900000962.691059,9.0,7.099999037308941,-1.900000962691059
87.9,53.7,63,1.6368715083798884,,8400000000.0,7099998794.544641,-1300001205.4553595,8.4,7.09999879454464,-1.3000012054553594
115.7,61.0,97,1.8967213114754098,,7100000000.0,7099999530.995284,-469.00471591949463,7.1,7.099999530995284,-4.6900471591949464e-07
118.3,62.2,30,1.9019292604501605,,4500000000.0,7099999070.073968,2599999070.073968,4.5,7.099999070073968,2.599999070073968
115.7,75.0,88,1.5426666666666666,,6000000000.0,7099999680.1294565,1099999680.1294565,6.0,7.099999680129456,1.0999996801294565
115.7,103.3,29,1.1200387221684416,,7100000000.0,7099999734.744245,-265.2557554244995,7.1,7.0999997347442445,-2.652557554244995e-07
115.7,143.0,9,0.8090909090909091,,7100000000.0,7099999888.271763,-111.72823715209961,7.1,7.099999888271763,-1.1172823715209961e-07
153.16,76.83,21,1.993492125471821,,20500000000.0,7099999681.284763,-13400000318.715237,20.5,7.099999681284763,-13.400000318715236
140.3,149.2,38,0.940348525469169,,9500000000.0,7100000073.141916,-2399999926.8580837,9.5,7.100000073141916,-2.399999926858084
256.3,60.0,63,4.2716666666666665,,7500000000.0,7100000443.627646,-399999556.37235355,7.5,7.100000443627646,-0.39999955637235357
246.3,144.0,35,1.7104166666666667,,14500000000.0,7100000257.323669,-7399999742.676331,14.5,7.10000025732367,-7.39999974267633
107.63,30.5,114,3.5288524590163934,,9500000000.0,7099999375.667955,-2400000624.3320446,9.5,7.099999375667956,-2.4000006243320446
168.7,60.2,4,2.8023255813953485,,13900000000.0,7099999597.353861,-6800000402.646139,13.9,7.099999597353861,-6.800000402646139
71.82000000000001,71.7,98,1.001673640167364,,7000000000.0,7099999256.215214,99999256.21521378,7.0,7.099999256215214,0.09999925621521377
196.64,90.7,42,2.1680264608599775,,1000000000.0,7100000418.549407,6100000418.549407,1.0,7.100000418549407,6.100000418549407
68.0,31.8,127,2.138364779874214,,4100000000.0,7099999012.938653,2999999012.938653,4.1,7.099999012938653,2.999999012938653
215.0,112.3,9,1.9145146927871772,,11300000000.0,7100000246.697629,-4199999753.302371,11.3,7.100000246697629,-4.199999753302371
171.6,46.0,77,3.7304347826086954,Quận 3,16500000000.0,7099999880.857599,-9400000119.1424,16.5,7.0999998808576,-9.400000119142401
66.1,37.5,109,1.7626666666666666,,5000000000.0,7099998847.674579,2099998847.6745787,5.0,7.099998847674579,2.099998847674579
201.6,79.0,35,2.551898734177215,,14200000000.0,7100000340.641278,-7099999659.358722,14.2,7.100000340641278,-7.099999659358722
71.7,83.8,122,0.8556085918854416,,6200000000.0,7099999513.472318,899999513.4723177,6.2,7.0999995134723175,0.8999995134723177
79.3,33.5,43,2.3671641791044777,,8400000000.0,7099998366.376639,-1300001633.6233606,8.4,7.0999983663766395,-1.3000016336233606
249.6,97.6,15,2.557377049180328,,9800000000.0,7100000419.163378,-2699999580.836622,9.8,7.100000419163377,-2.6999995808366224
115.7,105.3,36,1.0987654320987654,,22000000000.0,7099999802.998035,-14900000197.001965,22.0,7.099999802998036,-14.900000197001965
58.0,61.0,72,0.9508196721311475,,2300000000.0,7099998768.075703,4799998768.075703,2.3,7.099998768075703,4.799998768075703
239.9,61.0,127,3.9327868852459016,,2000000000.0,7100000226.845536,5100000226.845536,2.0,7.100000226845537,5.100000226845537
281.7,117.8,73,2.391341256366723,TP Thủ Đức,9500000000.0,7100000546.928828,-2399999453.0711718,9.5,7.100000546928828,-2.399999453071172
135.66,70.0,55,1.938,,12500000000.0,7099999638.463115,-5400000361.536885,12.5,7.099999638463115,-5.400000361536885
166.9,152.5,35,1.0944262295081968,,8000000000.0,7100000112.243928,-899999887.756072,8.0,7.100000112243928,-0.8999998877560721
48.0,48.0,36,1.0,,6000000000.0,7099998254.734195,1099998254.7341948,6.0,7.099998254734195,1.0999982547341947
115.7,75.9,92,1.5243741765480896,TP Thủ Đức,7000000000.0,7099999710.125282,99999710.12528229,7.0,7.0999997101252825,0.09999971012528229
115.7,61.0,58,1.8967213114754098,TP Thủ Đức,5700000000.0,7099999238.737475,1399999238.7374754,5.7,7.0999992387374755,1.3999992387374753
231.0,51.28,100,4.504680187207488,Quận 10,18800000000.0,7100000031.269732,-11699999968.730267,18.8,7.100000031269732,-11.699999968730266
57.3,57.3,91,1.0,,6900000000.0,7099998865.837941,199998865.83794117,6.9,7.099998865837941,0.19999886583794116
32.2,65.9,15,0.48861911987860396,TP Thủ Đức,4700000000.0,7099998613.078963,2399998613.0789633,4.7,7.099998613078963,2.3999986130789632
246.0,61.0,88,4.032786885245901,TP Thủ Đức,7100000000.0,7100000459.158043,459.15804290771484,7.1,7.100000459158043,4.5915804290771485e-07
81.16,54.07,72,1.5010171999260218,,13000000000.0,7099998812.919672,-5900001187.080328,13.0,7.099998812919672,-5.900001187080328
221.2,106.5,3,2.0769953051643193,,11000000000.0,7100000218.954021,-3899999781.0459785,11.0,7.100000218954022,-3.8999997810459783
100.0,100.0,43,1.0,,7100000000.0,7099999648.164627,-351.8353729248047,7.1,7.099999648164627,-3.518353729248047e-07
225.63,75.0,1,3.0084,,7100000000.0,7100000158.265499,158.26549911499023,7.1,7.100000158265499,1.5826549911499023e-07
103.7,39.1,64,2.652173913043478,,8500000000.0,7099998913.841533,-1400001086.1584673,8.5,7.0999989138415325,-1.4000010861584673
400.7,83.9,42,4.775923718712753,Quận 3,27000000000.0,7099999863.013164,-19900000136.986835,27.0,7.0999998630131635,-19.900000136986836
67.3,32.2,72,2.090062111801242,,4800000000.0,7099998447.769056,2299998447.7690563,4.8,7.099998447769057,2.2999984477690565
238.8,62.5,127,3.8208,,9500000000.0,7100000249.209412,-2399999750.7905884,9.5,7.100000249209412,-2.3999997507905886
220.7,55.9,8,3.948121645796064,,7300000000.0,7100000061.841423,-199999938.15857697,7.3,7.100000061841423,-0.19999993815857697
115.7,50.0,9,2.314,,4000000000.0,7099998814.5635,3099998814.5635004,4.0,7.0999988145635005,3.0999988145635005
126.7,42.3,64,2.9952718676122934,,5200000000.0,7099999308.159659,1899999308.1596594,5.2,7.099999308159659,1.8999993081596593
174.18,66.68,86,2.6121775644871024,,14500000000.0,7100000255.333132,-7399999744.666868,14.5,7.100000255333132,-7.399999744666868
396.0,61.0,72,6.491803278688525,TP Thủ Đức,14000000000.0,7099999775.956129,-6900000224.043871,14.0,7.099999775956129,-6.900000224043871
81.3,28.2,126,2.882978723404255,,6500000000.0,7099999155.1675415,599999155.1675415,6.5,7.099999155167541,0.5999991551675415
115.7,136.2,127,0.8494860499265786,TP Thủ Đức,15000000000.0,7099999925.865399,-7900000074.134601,15.0,7.099999925865399,-7.900000074134601
94.4,30.1,129,3.1362126245847177,,4600000000.0,7099999295.49029,2499999295.4902897,4.6,7.0999992954902895,2.49999929549029
349.8,61.0,18,5.7344262295081965,,7100000000.0,7099999918.06183,-81.93817043304443,7.1,7.09999991806183,-8.193817043304444e-08
115.7,7.2,88,16.069444444444443,,1400000000.0,7099999559.047237,5699999559.047237,1.4,7.099999559047237,5.699999559047237
142.8,49.4,15,2.890688259109312,,12500000000.0,7099999250.100053,-5400000749.899947,12.5,7.099999250100053,-5.400000749899947
90.5,54.1,81,1.6728280961182993,,6900000000.0,7099999003.3505535,199999003.3505535,6.9,7.099999003350553,0.1999990033505535
129.4,41.9,9,3.0883054892601436,,6000000000.0,7099999041.006843,1099999041.0068426,6.0,7.099999041006843,1.0999990410068425
261.4,109.0,126,2.398165137614679,,2000000000.0,7100000343.842459,5100000343.842459,2.0,7.100000343842459,5.100000343842459
86.6,49.5,91,1.7494949494949494,Quận 1,7100000000.0,7099999217.109847,-782.8901529312134,7.1,7.099999217109847,-7.828901529312134e-07
90.6,53.1,63,1.7062146892655365,,8900000000.0,7099998817.342667,-1800001182.6573334,8.9,7.099998817342667,-1.8000011826573334
228.8,56.0,38,4.085714285714286,,10500000000.0,7100000293.998224,-3399999706.0017757,10.5,7.1000002939982245,-3.399999706001776
306.0,119.0,74,2.5714285714285716,,13900000000.0,7100000461.570219,-6799999538.429781,13.9,7.100000461570219,-6.799999538429781
191.2,103.9,2,1.8402309913378245,,14000000000.0,7100000074.592244,-6899999925.407756,14.0,7.100000074592244,-6.899999925407756
115.7,128.6,14,0.8996889580093314,,5500000000.0,7099999874.638092,1599999874.638092,5.5,7.099999874638092,1.5999998746380921
188.2,66.6,64,2.825825825825826,,6800000000.0,7100000324.8100395,300000324.8100395,6.8,7.10000032481004,0.3000003248100395
167.2,81.2,2,2.0591133004926108,,15900000000.0,7099999741.323523,-8800000258.676477,15.9,7.099999741323523,-8.800000258676478
115.7,66.3,8,1.7450980392156863,,19000000000.0,7099999007.46385,-11900000992.53615,19.0,7.09999900746385,-11.90000099253615
256.5,86.6,14,2.9618937644341803,,8800000000.0,7100000421.415905,-1699999578.584095,8.8,7.100000421415905,-1.699999578584095
115.7,128.7,39,0.8989898989898991,TP Thủ Đức,10300000000.0,7099999995.333914,-3200000004.666086,10.3,7.0999999953339135,-3.2000000046660864
51.3,39.5,36,1.29873417721519,,8400000000.0,7099998125.077921,-1300001874.922079,8.4,7.099998125077921,-1.3000018749220792
52.0,35.0,107,1.4857142857142858,,6500000000.0,7099998716.872544,599998716.8725443,6.5,7.099998716872545,0.5999987168725442
115.7,61.0,36,1.8967213114754098,,7100000000.0,7099999055.898177,-944.1018228530884,7.1,7.099999055898177,-9.441018228530884e-07
44.6,44.6,59,1.0,TP Thủ Đức,3500000000.0,7099998320.735146,3599998320.7351456,3.5,7.099998320735145,3.5999983207351454
60.62,31.6,2,1.9183544303797466,,4200000000.0,7099998191.093314,2899998191.093314,4.2,7.099998191093314,2.899998191093314
115.7,61.0,59,1.8967213114754098,,7100000000.0,7099999247.6142025,-752.3857975006104,7.1,7.099999247614202,-7.523857975006104e-07
115.7,61.0,14,1.8967213114754098,,10900000000.0,7099998940.713521,-3800001059.286479,10.9,7.099998940713521,-3.800001059286479
128.2,40.0,21,3.2049999999999996,,5300000000.0,7099999073.276628,1799999073.2766275,5.3,7.099999073276628,1.7999990732766276
148.6,42.2,31,3.5213270142180093,,6500000000.0,7099999445.903257,599999445.9032574,6.5,7.099999445903257,0.5999994459032574
138.1,41.9,2,3.295942720763723,,6500000000.0,7099999168.494873,599999168.494873,6.5,7.099999168494873,0.599999168494873
115.7,50.6,126,2.2865612648221343,,4800000000.0,7099999526.51758,2299999526.51758,4.8,7.09999952651758,2.29999952651758
77.7,33.8,113,2.2988165680473376,,8199999999.999999,7099998986.681685,-1100001013.3183136,8.2,7.099998986681685,-1.1000010133183136
115.7,61.0,107,1.8967213114754098,,3900000000.0,7099999573.541495,3199999573.5414953,3.9,7.099999573541496,3.1999995735414952
76.4,38.2,21,2.0,TP Thủ Đức,4200000000.0,7099998252.0303135,2899998252.0303135,4.2,7.099998252030313,2.8999982520303136
123.4,64.8,72,1.9043209876543212,,6900000000.0,7099999525.1699,199999525.16989994,6.9,7.0999995251699,0.19999952516989994
115.7,25.9,29,4.467181467181468,,3900000000.0,7099999218.324963,3199999218.3249626,3.9,7.099999218324963,3.1999992183249626
115.7,98.0,43,1.1806122448979592,,19800000000.0,7099999751.3125,-12700000248.6875,19.8,7.0999997513125,-12.7000002486875
79.5,29.4,1,2.7040816326530615,,7000000000.0,7099998429.220301,99998429.22030067,7.0,7.0999984292203004,0.09999842922030068
220.3,178.7,63,1.232792389479575,,13600000000.0,7099999968.619399,-6500000031.380601,13.6,7.099999968619399,-6.500000031380601
115.7,41.6,92,2.78125,,6500000000.0,7099999332.516455,599999332.5164547,6.5,7.099999332516455,0.5999993325164547
115.7,61.0,93,1.8967213114754098,Quận 1,3700000000.0,7099999572.306125,3399999572.3061247,3.7,7.099999572306125,3.3999995723061245
30.0,61.0,36,0.4918032786885246,,3100000000.0,7099998524.336396,3999998524.336396,3.1,7.099998524336396,3.9999985243363962
23.1,7.7,114,3.0,,1400000000.0,7099998853.198823,5699998853.198823,1.4,7.099998853198823,5.699998853198823
201.9,119.5,37,1.689539748953975,,12400000000.0,7100000400.274641,-5299999599.725359,12.4,7.100000400274641,-5.299999599725359
157.8,72.5,59,2.1765517241379313,,7800000000.0,7100000003.373721,-699999996.6262789,7.8,7.100000003373721,-0.6999999966262789
135.1,135.1,93,1.0,,13900000000.0,7100000142.122885,-6799999857.877115,13.9,7.100000142122885,-6.799999857877115
177.74,61.0,126,2.913770491803279,,3800000000.0,7100000114.909812,3300000114.909812,3.8,7.100000114909812,3.300000114909812
201.5,60.8,29,3.3141447368421053,,8800000000.0,7100000150.117826,-1699999849.8821735,8.8,7.100000150117826,-1.6999998498821736
99.8,61.0,93,1.6360655737704917,,3100000000.0,7099999315.385463,3999999315.3854628,3.1,7.099999315385463,3.999999315385463
221.2,62.6,2,3.533546325878594,,10500000000.0,7100000072.8495655,-3399999927.1504345,10.5,7.100000072849565,-3.3999999271504344
315.7,105.1,60,3.0038058991436727,,25000000000.0,7100000522.303893,-17899999477.696106,25.0,7.100000522303893,-17.899999477696106
288.1,79.3,8,3.633039092055486,,9200000000.0,7100000333.349647,-2099999666.6503534,9.2,7.100000333349646,-2.0999996666503535
115.7,61.0,14,1.8967213114754098,,20900000000.0,7099998940.713521,-13800001059.28648,20.9,7.099998940713521,-13.80000105928648
163.0,71.7,63,2.273361227336123,,7000000000.0,7100000087.930298,100000087.93029785,7.0,7.100000087930298,0.10000008793029785
115.7,56.7,18,2.0405643738977073,,8600000000.0,7099998895.669101,-1500001104.3308992,8.6,7.099998895669101,-1.5000011043308992
111.8,71.2,126,1.5702247191011236,,6900000000.0,7099999676.458683,199999676.458683,6.9,7.099999676458683,0.19999967645868302
367.5,61.0,95,6.024590163934426,,24900000000.0,7099999861.24661,-17800000138.75339,24.9,7.0999998612466095,-17.80000013875339
231.8,52.4,87,4.423664122137405,,14000000000.0,7100000288.891083,-6899999711.108917,14.0,7.100000288891083,-6.899999711108917
114.14,69.9,64,1.632904148783977,,6700000000.0,7099999418.269069,399999418.2690687,6.7,7.099999418269069,0.3999994182690687
82.8,107.3,114,0.771668219944082,,5200000000.0,7099999787.456135,1899999787.4561348,5.2,7.0999997874561345,1.8999997874561347
115.7,117.2,63,0.9872013651877133,TP Thủ Đức,6600000000.0,7100000037.222655,500000037.2226553,6.6,7.100000037222656,0.5000000372226553
115.7,167.0,74,0.692814371257485,,4000000000.0,7099999945.172091,3099999945.1720905,4.0,7.09999994517209,3.0999999451720903
178.8,41.6,38,4.298076923076923,,15000000000.0,7099999836.107607,-7900000163.892393,15.0,7.099999836107607,-7.900000163892393
86.2,68.3,14,1.2620790629575405,,4800000000.0,7099998782.014081,2299998782.014081,4.8,7.099998782014081,2.299998782014081
46.1,34.0,15,1.3558823529411765,,3500000000.0,7099998083.10472,3599998083.10472,3.5,7.09999808310472,3.5999980831047202
115.7,46.0,120,2.515217391304348,,5500000000.0,7099999482.480439,1599999482.4804392,5.5,7.099999482480439,1.599999482480439
188.82,53.1,74,3.55593220338983,,14700000000.0,7100000208.333383,-7599999791.666617,14.7,7.100000208333382,-7.599999791666617
41.7,43.0,9,0.9697674418604652,,5800000000.0,7099998231.828144,1299998231.828144,5.8,7.0999982318281445,1.299998231828144
115.7,57.0,43,2.0298245614035086,,8500000000.0,7099999050.308054,-1400000949.691946,8.5,7.099999050308054,-1.400000949691946
88.6,45.0,62,1.9688888888888887,,7500000000.0,7099998677.414268,-400001322.58573246,7.5,7.099998677414267,-0.40000132258573246
259.8,130.2,34,1.9953917050691248,,11500000000.0,7100000376.258494,-4399999623.741506,11.5,7.100000376258494,-4.399999623741506
187.9,80.4,74,2.337064676616915,Quận 11,7000000000.0,7100000204.882535,100000204.88253498,7.0,7.100000204882535,0.10000020488253498
98.7,67.0,13,1.473134328358209,,6500000000.0,7099998856.346655,599998856.3466549,6.5,7.099998856346655,0.5999988563466548
118.0,118.0,91,1.0,Quận 11,10500000000.0,7099999923.134445,-3400000076.865555,10.5,7.099999923134445,-3.4000000768655547
11.6,5.8,63,2.0,,1900000000.0,7099998231.13658,5199998231.13658,1.9,7.09999823113658,5.199998231136581
277.32,61.0,88,4.5462295081967214,,7100000000.0,7100000346.081534,346.08153438568115,7.1,7.100000346081535,3.4608153438568115e-07
115.7,56.0,94,2.0660714285714286,,6800000000.0,7099999453.445807,299999453.44580746,6.8,7.0999994534458075,0.2999994534458075
115.7,85.1,15,1.3595769682726206,,3700000000.0,7099999364.818909,3399999364.8189087,3.7,7.099999364818909,3.3999993648189086
49.0,89.6,127,0.546875,TP Thủ Đức,4300000000.0,7099999470.837945,2799999470.837945,4.3,7.099999470837945,2.799999470837945
102.2,50.4,77,2.0277777777777777,,7100000000.0,7099999069.678606,-930.3213939666748,7.1,7.099999069678606,-9.303213939666748e-07
146.97,64.0,59,2.29640625,,10500000000.0,7099999753.783208,-3400000246.216792,10.5,7.099999753783208,-3.400000246216792
139.39,36.16,8,3.8548119469026547,,16200000000.0,7099999274.008249,-9100000725.99175,16.2,7.099999274008249,-9.10000072599175
115.7,170.0,22,0.6805882352941177,,10200000000.0,7099999878.348666,-3100000121.651334,10.2,7.099999878348666,-3.100000121651334
60.5,74.3,93,0.8142664872139973,,4500000000.0,7099999193.957605,2599999193.9576054,4.5,7.099999193957605,2.5999991939576055
216.9,51.7,95,4.195357833655706,,16500000000.0,7100000260.807379,-9399999739.192621,16.5,7.100000260807379,-9.399999739192621
155.6,78.8,4,1.9746192893401016,,5800000000.0,7099999611.843449,1299999611.8434486,5.8,7.099999611843448,1.2999996118434487
73.5,49.5,30,1.4848484848484849,,4300000000.0,7099998357.422563,2799998357.4225626,4.3,7.099998357422563,2.7999983574225626
215.0,172.8,92,1.2442129629629628,TP Thủ Đức,7100000000.0,7099999980.4337225,-19.566277503967285,7.1,7.099999980433722,-1.9566277503967286e-08
56.0,61.0,32,0.9180327868852459,,2500000000.0,7099998507.148145,4599998507.148145,2.5,7.099998507148145,4.599998507148145
259.5,74.2,1,3.4973045822102424,,10200000000.0,7100000256.904255,-3099999743.095745,10.2,7.100000256904255,-3.099999743095745
104.0,52.0,98,2.0,,5500000000.0,7099999283.473381,1599999283.473381,5.5,7.099999283473381,1.599999283473381
65.0,61.0,123,1.0655737704918034,,2400000000.0,7099999204.418156,4699999204.418156,2.4,7.099999204418156,4.699999204418155
182.5,54.8,14,3.3302919708029197,,6300000000.0,7099999803.421895,799999803.421895,6.3,7.099999803421895,0.799999803421895
115.7,89.1,17,1.298540965207632,,5000000000.0,7099999445.05271,2099999445.0527096,5.0,7.09999944505271,2.0999994450527097
131.3,86.0,9,1.5267441860465119,,9000000000.0,7099999493.863947,-1900000506.136053,9.0,7.099999493863947,-1.900000506136053
77.5,38.0,72,2.039473684210526,,6800000000.0,7099998582.2765665,299998582.2765665,6.8,7.099998582276567,0.2999985822765665
256.8,101.2,91,2.5375494071146245,,22000000000.0,7100000659.227501,-14899999340.7725,22.0,7.100000659227501,-14.8999993407725
162.8,53.9,106,3.0204081632653064,Quận 10,20500000000.0,7099999908.803461,-13400000091.196539,20.5,7.099999908803461,-13.400000091196539
48.2,24.1,14,2.0,,4700000000.0,7099998070.947682,2399998070.9476824,4.7,7.099998070947683,2.3999980709476825
65.1,45.6,70,1.4276315789473684,,7500000000.0,7099998515.736373,-400001484.26362705,7.5,7.099998515736373,-0.400001484263627
115.7,67.6,11,1.7115384615384617,,6800000000.0,7099999036.284207,299999036.28420734,6.8,7.099999036284207,0.2999990362842073
115.7,51.3,27,2.2553606237816766,,7000000000.0,7099998878.680615,99998878.68061543,7.0,7.099998878680616,0.09999887868061542
172.11,70.2,87,2.451709401709402,,14000000000.0,7100000268.725838,-6899999731.274162,14.0,7.100000268725838,-6.899999731274162
133.76,34.2,2,3.9111111111111105,,7600000000.0,7099999217.782713,-500000782.21728706,7.6,7.099999217782713,-0.500000782217287
48.8,24.4,72,2.0,,4000000000.0,7099998283.49215,3099998283.4921503,4.0,7.09999828349215,3.0999982834921505
101.3,72.6,30,1.3953168044077136,,19500000000.0,7099999058.849384,-12400000941.150616,19.5,7.099999058849384,-12.400000941150616
83.0,83.0,63,1.0,,4500000000.0,7099999327.013704,2599999327.0137043,4.5,7.0999993270137045,2.5999993270137045
89.5,89.5,93,1.0,,6200000000.0,7099999647.233397,899999647.2333965,6.2,7.099999647233396,0.8999996472333965
46.8,46.8,72,1.0,,4000000000.0,7099998471.16333,3099998471.16333,4.0,7.09999847116333,3.09999847116333
279.0,104.4,74,2.672413793103448,,27000000000.0,7100000654.945454,-19899999345.054546,27.0,7.100000654945454,-19.899999345054546
115.7,97.2,87,1.190329218106996,,19500000000.0,7099999949.146476,-12400000050.853523,19.5,7.099999949146476,-12.400000050853523
82.2,38.3,19,2.1462140992167105,,1000000000.0,7099998320.292248,6099998320.292248,1.0,7.099998320292248,6.099998320292248
115.7,61.0,31,1.8967213114754098,,8500000000.0,7099999021.74453,-1400000978.2554703,8.5,7.09999902174453,-1.4000009782554703
159.33,142.0,59,1.1220422535211267,,17700000000.0,7100000219.811206,-10599999780.188793,17.7,7.100000219811206,-10.599999780188794
137.4,69.78,108,1.9690455717970765,,10200000000.0,7099999909.166468,-3100000090.8335323,10.2,7.099999909166468,-3.1000000908335323
152.6,86.0,95,1.7744186046511627,,16000000000.0,7100000206.528511,-8899999793.471489,16.0,7.100000206528511,-8.899999793471489
115.7,12.9,38,8.968992248062015,,2500000000.0,7099999496.483945,4599999496.483945,2.5,7.099999496483945,4.599999496483945
115.7,32.0,64,3.615625,,3000000000.0,7099999207.858073,4099999207.858073,3.0,7.099999207858073,4.099999207858073
114.0,68.1,120,1.6740088105726874,TP Thủ Đức,5200000000.0,7099999662.579714,1899999662.5797138,5.2,7.099999662579714,1.8999996625797138
118.7,32.9,20,3.6079027355623103,,7900000000.0,7099999024.9372635,-800000975.0627365,7.9,7.099999024937263,-0.8000009750627365
253.6,96.2,55,2.636174636174636,,14800000000.0,7100000706.658836,-7699999293.341164,14.8,7.100000706658836,-7.699999293341164
115.7,150.1,92,0.770819453697535,,7100000000.0,7100000005.986944,5.986944198608398,7.1,7.100000005986944,5.986944198608398e-09
115.7,50.0,112,2.314,,16000000000.0,7099999482.513645,-8900000517.486355,16.0,7.099999482513645,-8.900000517486355
128.0,28.5,98,4.491228070175438,Quận 3,15000000000.0,7099999575.538884,-7900000424.461116,15.0,7.0999995755388845,-7.9000004244611155
96.8,73.0,63,1.3260273972602739,,4000000000.0,7099999260.433351,3099999260.4333506,4.0,7.099999260433351,3.0999992604333504
